<?xml version="1.0" encoding="UTF-8"?>

<ExtensionManifest Version="3.0" ExtensionBundleId="com.buzogames.ColdWarm" ExtensionBundleVersion="1.3.1"
		ExtensionBundleName="ColdWarm" xmlns:xsi="http://www.w3.org/2001/XMLSchema-instance">
	<Author>
		<![CDATA[Vasiliy Kuznetsov]]>
	</Author>	<Contact mailto="Kicker.moc.liamg@gmail.com"/>	<ExtensionList>
		<Extension Id="com.example.ColdWarm.extension1" Version="1.3.1" />
	</ExtensionList>
	<ExecutionEnvironment>
		<HostList>
			<Host Name="PHXS" Version="[13.0,13.9]" />
			<Host Name="PHSP" Version="[13.0,13.9]" />
		</HostList>
		<LocaleList>
			<Locale Code="All" />
		</LocaleList>
		<RequiredRuntimeList>
			<RequiredRuntime Name="CSXS" Version="3.0" />
		</RequiredRuntimeList>
	</ExecutionEnvironment>
	<DispatchInfoList>
		<Extension Id="com.example.ColdWarm.extension1">
			<DispatchInfo >
				<Resources>
					<SwfPath>./ColdWarm.swf</SwfPath>
				</Resources>
				<Lifecycle>
					<AutoVisible>true</AutoVisible>
				</Lifecycle>
				<UI>
					<Type>Panel</Type>
					<Menu>ColdWarm</Menu>
					<Geometry>
						<Size>
							<Height>80</Height>
							<Width>103</Width>
						</Size>
						<MaxSize>
							<Height>523</Height>
							<Width>500</Width>
						</MaxSize>
					</Geometry>
					<Icons>
						<Icon Type="Normal">./icons/active.png</Icon>
						<Icon Type="RollOver">./icons/over.png</Icon>
						<Icon Type="Disabled">./icons/disabled.png</Icon>
						<Icon Type="DarkNormal">./icons/active.png</Icon>
						<Icon Type="DarkRollOver">./icons/over.png</Icon>
					</Icons>
				</UI>
			</DispatchInfo>
		</Extension>
	</DispatchInfoList>
</ExtensionManifest>